"Plugin","Menu","Section","Type","English","Japanese"
"Dropbox","","","@Window","Dropbox","Dropbox"
"Dropbox","","","","+##plus##itemquantityGil","+##plus##itemquantityGil"
"Dropbox","","","","-##minus##itemquantityGil","-##minus##itemquantityGil"
"Dropbox","","","","Accept trades only from whitelisted characters","ホワイトリストに登録したキャラクターからのトレードのみ受け付ける"
"Dropbox","","","","Add target","ターゲットを追加"
"Dropbox","","","","All","すべて"
"Dropbox","","","","Auto-clear focus target when finished trade","トレード完了時にフォーカスターゲットを自動解除"
"Dropbox","","","","Auto-confirm on incoming gil offering, >=","受け取るギルが指定額以上なら自動で確定：>="
"Dropbox","","","","Auto-confirm once 5 item slots are filled","アイテム枠が5つ埋まったら自動で確定"
"Dropbox","","","","Character","キャラクター"
"Dropbox","","","","Clear","クリア"
"Dropbox","","","","Copy all","すべてコピー"
"Dropbox","","","","Crystals","クリスタル"
"Dropbox","","","","Debug","デバッグ"
"Dropbox","","","","Delay before accepting, s","トレードを受け付けるまでの待機時間（秒）"
"Dropbox","","","","Delay between trades, frames","トレード間の待機時間（フレーム）"
"Dropbox","","","","Do not confirm outgoing trades","こちらから渡すトレードを自動で確定しない"
"Dropbox","","","","Enable auto-accept trades","トレードの自動受付を有効化"
"Dropbox","","","","Focus target your trade partner to begin trading.","トレード相手をフォーカスターゲットに設定すると、トレードを開始します。"
"Dropbox","","","","Gil","ギル"
"Dropbox","","","","Import from Game Files","ゲームの設定ファイルから取り込み"
"Dropbox","","","","Item Trade Queue","アイテムのトレード待ち一覧"
"Dropbox","","","","Items","アイテム"
"Dropbox","","","","Left click - all
Right click - none","左クリック：すべて選択
右クリック：すべて解除"
"Dropbox","","","","Log","ログ"
"Dropbox","","","","Main","メイン"
"Dropbox","","","","Maxgil","最大ギル"
"Dropbox","","","","Name","名前"
"Dropbox","","","","Not operational","稼働不可"
"Dropbox","","","","Open","開く"
"Dropbox","","","","Point it to your game configuration folder, usually it's ""Documents\My Games\FINAL FANTASY XIV - A Realm Reborn"" unless you changed it or using Linux. Character IDs on which you ever logged in will be whitelisted. Their names, however, will not be resolved. You'll have to trade with them or log into them to populate name.","ゲームの設定フォルダーを指定してください。保存先を変更している場合やLinuxを使っている場合を除き、通常は「Documents\My Games\FINAL FANTASY XIV - A Realm Reborn」です。過去にログインしたキャラクターのIDをホワイトリストへ登録します。ただし、名前は取得されません。名前を表示するには、そのキャラクターとトレードするか、そのキャラクターでログインしてください。"
"Dropbox","","","","Quantity","数量"
"Dropbox","","","","Save enabled state through game restarts","ゲーム再起動後も有効状態を維持"
"Dropbox","","","","Select items to trade:","トレードするアイテムを選択："
"Dropbox","","","","Set 6","6に設定"
"Dropbox","","","","Show only selected","選択した項目のみ表示"
"Dropbox","","","","Silent operation","通知を表示せずに動作"
"Dropbox","","","","Tasks","タスク"
"Dropbox","","","","Trade open command throttle, ms","トレード開始コマンドの最小実行間隔（ms）"
"Dropbox","","","","Tradeable gear","トレード可能な装備"
"Dropbox","","","","Whitelist","ホワイトリスト"
"Dropbox","","","","すべて###All","すべて###All"
"Dropbox","","","","アイテム###Items","アイテム###Items"
"Dropbox","","","","ギル###Gil","ギル###Gil"
"Dropbox","","","","##-##LogFilter","##-##LogFilter"
